{
    "baseUrl":"https://damp-test.incommunities.co.uk",
    "authorizeUrl":"https://authority-test.incommunities.co.uk/Account/Login?ReturnUrl=%2Fconnect%2Fauthorize%2Fcallback%3Fclient_id%3DAssetsDampTest%26redirect_uri%3Dhttps%253A%252F%252Fdamp-test.incommunities.co.uk%252Fcallback.html%26response_type%3Did_token%2520token%26scope%3Dopenid%2520profile%2520PortalAPI.Assets%26state%3D6bb14dab39ef494ea3f6dc81e1decf75%26nonce%3D10b5ffde3e1145d6b3e57619ff8eb72d",
    "username": "fu.xu@incommunities.co.uk",
    "password": "!Dafei20040724",
    "port":"8080"
}
