[
	{
		"Id": 198,
		"Name": "Flashings",
		"ControlTypeId": 4,
		"Options": [
			{
				"Id": 443,
				"Value": "Cement Filler"
			},
			{
				"Id": 444,
				"Value": "Lead"
			},
			{
				"Id": 445,
				"Value": "Zinc"
			},
			{
				"Id": 446,
				"Value": "Other"
			}
		],
		"Value": null
	},
	{
		"Id": 199,
		"Name": "Flashings Condition",
		"ControlTypeId": 4,
		"Options": [
			{
				"Id": 447,
				"Value": "Good"
			},
			{
				"Id": 448,
				"Value": "Fair"
			},
			{
				"Id": 449,
				"Value": "Poor"
			}
		],
		"Value": null
	},
	{
		"Id": 200,
		"Name": "Roof Finish",
		"ControlTypeId": 4,
		"Options": [
			{
				"Id": 450,
				"Value": "Artificial Slate"
			},
			{
				"Id": 451,
				"Value": "Asbestos Sheet tile"
			},
			{
				"Id": 452,
				"Value": "Asphalt"
			},
			{
				"Id": 453,
				"Value": "Clay Tiles"
			},
			{
				"Id": 454,
				"Value": "Concrete Tiles"
			},
			{
				"Id": 455,
				"Value": "Felt"
			},
			{
				"Id": 456,
				"Value": "Natural Slate"
			},
			{
				"Id": 457,
				"Value": "Stone Slate"
			},
			{
				"Id": 458,
				"Value": "Other"
			}
		],
		"Value": null
	},
	{
		"Id": 201,
		"Name": "Roof Finish Condition",
		"ControlTypeId": 4,
		"Options": [
			{
				"Id": 459,
				"Value": "Good"
			},
			{
				"Id": 460,
				"Value": "Fair"
			},
			{
				"Id": 461,
				"Value": "Poor"
			}
		],
		"Value": null
	},
	{
		"Id": 202,
		"Name": "Eaves Construction",
		"ControlTypeId": 4,
		"Options": [
			{
				"Id": 462,
				"Value": "Flat Roof"
			},
			{
				"Id": 463,
				"Value": "Steel Truss"
			},
			{
				"Id": 464,
				"Value": "Timber Truss"
			},
			{
				"Id": 465,
				"Value": "Traditional Timber"
			},
			{
				"Id": 466,
				"Value": "Other"
			}
		],
		"Value": null
	},
	{
		"Id": 203,
		"Name": "Eaves Construction Condition",
		"ControlTypeId": 4,
		"Options": [
			{
				"Id": 467,
				"Value": "Good"
			},
			{
				"Id": 468,
				"Value": "Fair"
			},
			{
				"Id": 469,
				"Value": "Poor"
			}
		],
		"Value": null
	},
	{
		"Id": 204,
		"Name": "Gutters and Waste Pipes",
		"ControlTypeId": 4,
		"Options": [
			{
				"Id": 470,
				"Value": "Asbestos"
			},
			{
				"Id": 471,
				"Value": "Cast Iron"
			},
			{
				"Id": 472,
				"Value": "Concrete"
			},
			{
				"Id": 473,
				"Value": "Finlock "
			},
			{
				"Id": 474,
				"Value": "UPVC "
			},
			{
				"Id": 475,
				"Value": "Seamline "
			},
			{
				"Id": 476,
				"Value": "Steel  "
			},
			{
				"Id": 477,
				"Value": "Timber   "
			}
		],
		"Value": null
	},
	{
		"Id": 205,
		"Name": "Gutters and waste pipes free from obstruction?",
		"ControlTypeId": 4,
		"Options": [
			{
				"Id": 155,
				"Value": "Unknown"
			},
			{
				"Id": 156,
				"Value": "Yes"
			},
			{
				"Id": 157,
				"Value": "No"
			},
			{
				"Id": 158,
				"Value": "Not Applicable"
			}
		],
		"Value": null
	},
	{
		"Id": 206,
		"Name": "Gutters and Waste Pipes Condition",
		"ControlTypeId": 4,
		"Options": [
			{
				"Id": 478,
				"Value": "Good"
			},
			{
				"Id": 479,
				"Value": "Fair"
			},
			{
				"Id": 480,
				"Value": "Poor"
			}
		],
		"Value": null
	},
	{
		"Id": 207,
		"Name": "Facia",
		"ControlTypeId": 4,
		"Options": [
			{
				"Id": 481,
				"Value": "Concrete"
			},
			{
				"Id": 482,
				"Value": "Metal"
			},
			{
				"Id": 483,
				"Value": "UPVC"
			},
			{
				"Id": 484,
				"Value": "Timber"
			},
			{
				"Id": 485,
				"Value": "Other"
			}
		],
		"Value": null
	},
	{
		"Id": 208,
		"Name": "Facia Condition",
		"ControlTypeId": 4,
		"Options": [
			{
				"Id": 486,
				"Value": "Good"
			},
			{
				"Id": 487,
				"Value": "Fair"
			},
			{
				"Id": 488,
				"Value": "Poor"
			}
		],
		"Value": null
	},
	{
		"Id": 209,
		"Name": "Soffits",
		"ControlTypeId": 4,
		"Options": [
			{
				"Id": 489,
				"Value": "Aluminium"
			},
			{
				"Id": 490,
				"Value": "Asbestos Sheet"
			},
			{
				"Id": 491,
				"Value": "Concrete "
			},
			{
				"Id": 492,
				"Value": "Masterboard "
			},
			{
				"Id": 493,
				"Value": "UPVC "
			},
			{
				"Id": 494,
				"Value": "Timber "
			},
			{
				"Id": 495,
				"Value": "Other "
			}
		],
		"Value": null
	},
	{
		"Id": 210,
		"Name": "Soffits Condition",
		"ControlTypeId": 4,
		"Options": [
			{
				"Id": 496,
				"Value": "Good"
			},
			{
				"Id": 497,
				"Value": "Fair"
			},
			{
				"Id": 498,
				"Value": "Poor"
			}
		],
		"Value": null
	},
	{
		"Id": 211,
		"Name": "Wall Construction",
		"ControlTypeId": 4,
		"Options": [
			{
				"Id": 499,
				"Value": "Stone"
			},
			{
				"Id": 500,
				"Value": "Dressed Stone"
			},
			{
				"Id": 501,
				"Value": "Solid Brick"
			},
			{
				"Id": 502,
				"Value": "Cavity"
			},
			{
				"Id": 503,
				"Value": "Timber Frame"
			},
			{
				"Id": 504,
				"Value": "System Built"
			},
			{
				"Id": 505,
				"Value": "Other"
			}
		],
		"Value": null
	},
	{
		"Id": 212,
		"Name": "Wall Construction Condition",
		"ControlTypeId": 4,
		"Options": [
			{
				"Id": 506,
				"Value": "Good"
			},
			{
				"Id": 507,
				"Value": "Fair"
			},
			{
				"Id": 508,
				"Value": "Poor"
			}
		],
		"Value": null
	},
	{
		"Id": 213,
		"Name": "Wall Thickness",
		"ControlTypeId": 4,
		"Options": [
			{
				"Id": 509,
				"Value": "250mm"
			},
			{
				"Id": 510,
				"Value": "270mm "
			},
			{
				"Id": 511,
				"Value": "300mm "
			},
			{
				"Id": 512,
				"Value": "300mm+ "
			},
			{
				"Id": 513,
				"Value": "Other "
			}
		],
		"Value": null
	},
	{
		"Id": 214,
		"Name": "Wall Thickness Condition",
		"ControlTypeId": 4,
		"Options": [
			{
				"Id": 514,
				"Value": "Good"
			},
			{
				"Id": 515,
				"Value": "Fair"
			},
			{
				"Id": 516,
				"Value": "Poor"
			}
		],
		"Value": null
	},
	{
		"Id": 215,
		"Name": "Drainage",
		"ControlTypeId": 4,
		"Options": [
			{
				"Id": 517,
				"Value": "OK"
			},
			{
				"Id": 518,
				"Value": "Blocked"
			},
			{
				"Id": 519,
				"Value": "Broken"
			},
			{
				"Id": 520,
				"Value": "Overflowing"
			},
			{
				"Id": 521,
				"Value": "Grates Missing"
			},
			{
				"Id": 522,
				"Value": "Other"
			}
		],
		"Value": null
	},
	{
		"Id": 216,
		"Name": "Drainage Condition",
		"ControlTypeId": 4,
		"Options": [
			{
				"Id": 523,
				"Value": "Good"
			},
			{
				"Id": 524,
				"Value": "Fair"
			},
			{
				"Id": 525,
				"Value": "Poor"
			}
		],
		"Value": null
	},
	{
		"Id": 217,
		"Name": "Damp Proofing",
		"ControlTypeId": 4,
		"Options": [
			{
				"Id": 526,
				"Value": "Chemical"
			},
			{
				"Id": 527,
				"Value": "Elec. Osmosis"
			},
			{
				"Id": 528,
				"Value": "Physical"
			},
			{
				"Id": 529,
				"Value": "Other"
			},
			{
				"Id": 530,
				"Value": "None"
			}
		],
		"Value": null
	},
	{
		"Id": 218,
		"Name": "Damp Proofing Condition",
		"ControlTypeId": 4,
		"Options": [
			{
				"Id": 531,
				"Value": "Good"
			},
			{
				"Id": 532,
				"Value": "Fair"
			},
			{
				"Id": 533,
				"Value": "Poor "
			}
		],
		"Value": null
	},
	{
		"Id": 219,
		"Name": "Gable End",
		"ControlTypeId": 4,
		"Options": [
			{
				"Id": 534,
				"Value": "Good Order"
			},
			{
				"Id": 535,
				"Value": "Minor Cracking"
			},
			{
				"Id": 536,
				"Value": "Major Cracking"
			},
			{
				"Id": 537,
				"Value": "Other"
			},
			{
				"Id": 538,
				"Value": "Not Applicable"
			}
		],
		"Value": null
	},
	{
		"Id": 220,
		"Name": "Gable End Condition",
		"ControlTypeId": 4,
		"Options": [
			{
				"Id": 539,
				"Value": "Good"
			},
			{
				"Id": 540,
				"Value": "Fair"
			},
			{
				"Id": 541,
				"Value": "Poor"
			}
		],
		"Value": null
	},
	{
		"Id": 221,
		"Name": "Loft Insulation Depth",
		"ControlTypeId": 4,
		"Options": [
			{
				"Id": 542,
				"Value": "12mm"
			},
			{
				"Id": 543,
				"Value": "25mm"
			},
			{
				"Id": 544,
				"Value": "50mm"
			},
			{
				"Id": 545,
				"Value": "75mm"
			},
			{
				"Id": 546,
				"Value": "100mm"
			},
			{
				"Id": 547,
				"Value": "150mm"
			},
			{
				"Id": 548,
				"Value": "200mm"
			},
			{
				"Id": 549,
				"Value": "250mm"
			},
			{
				"Id": 550,
				"Value": "270mm"
			},
			{
				"Id": 551,
				"Value": "300mm "
			},
			{
				"Id": 552,
				"Value": "300mm+ "
			}
		],
		"Value": null
	},
	{
		"Id": 222,
		"Name": "Loft Insulation Depth condition",
		"ControlTypeId": 4,
		"Options": [
			{
				"Id": 553,
				"Value": "Good"
			},
			{
				"Id": 554,
				"Value": "Fair"
			},
			{
				"Id": 555,
				"Value": "Poor"
			}
		],
		"Value": null
	},
	{
		"Id": 223,
		"Name": "Roof Void condition",
		"ControlTypeId": 4,
		"Options": [
			{
				"Id": 556,
				"Value": "Dry"
			},
			{
				"Id": 557,
				"Value": "Damp"
			}
		],
		"Value": null
	},
	{
		"Id": 224,
		"Name": "Roof Void Usage",
		"ControlTypeId": 4,
		"Options": [
			{
				"Id": 558,
				"Value": "Stored Items"
			},
			{
				"Id": 559,
				"Value": "Free Of Items"
			}
		],
		"Value": null
	},
	{
		"Id": 225,
		"Name": "Roof Void Felted",
		"ControlTypeId": 4,
		"Options": [
			{
				"Id": 155,
				"Value": "Unknown"
			},
			{
				"Id": 156,
				"Value": "Yes"
			},
			{
				"Id": 157,
				"Value": "No"
			},
			{
				"Id": 158,
				"Value": "Not Applicable"
			}
		],
		"Value": null
	},
	{
		"Id": 226,
		"Name": "Roof Void Defects",
		"ControlTypeId": 1,
		"Options": [],
		"Value": null
	},
	{
		"Id": 227,
		"Name": "Heating",
		"ControlTypeId": 4,
		"Options": [
			{
				"Id": 560,
				"Value": "Central Heating"
			},
			{
				"Id": 561,
				"Value": "Storage Heaters"
			},
			{
				"Id": 562,
				"Value": "No Heating"
			}
		],
		"Value": null
	},
	{
		"Id": 228,
		"Name": "Does heating work?",
		"ControlTypeId": 4,
		"Options": [
			{
				"Id": 155,
				"Value": "Unknown"
			},
			{
				"Id": 156,
				"Value": "Yes"
			},
			{
				"Id": 157,
				"Value": "No"
			},
			{
				"Id": 158,
				"Value": "Not Applicable"
			}
		],
		"Value": null
	},
	{
		"Id": 229,
		"Name": "Secondary Heating",
		"ControlTypeId": 4,
		"Options": [
			{
				"Id": 563,
				"Value": "Gas Fire"
			},
			{
				"Id": 564,
				"Value": "Electric Fire/Panel "
			},
			{
				"Id": 565,
				"Value": "No Secondary Heating"
			}
		],
		"Value": null
	},
	{
		"Id": 230,
		"Name": "Does secondary heating work?",
		"ControlTypeId": 4,
		"Options": [
			{
				"Id": 155,
				"Value": "Unknown"
			},
			{
				"Id": 156,
				"Value": "Yes"
			},
			{
				"Id": 157,
				"Value": "No"
			},
			{
				"Id": 158,
				"Value": "Not Applicable"
			}
		],
		"Value": null
	},
	{
		"Id": 231,
		"Name": "Bathroom Ventilation",
		"ControlTypeId": 4,
		"Options": [
			{
				"Id": 155,
				"Value": "Unknown"
			},
			{
				"Id": 156,
				"Value": "Yes"
			},
			{
				"Id": 157,
				"Value": "No"
			},
			{
				"Id": 158,
				"Value": "Not Applicable"
			}
		],
		"Value": null
	},
	{
		"Id": 232,
		"Name": "Bathroom Ventilation Condition",
		"ControlTypeId": 4,
		"Options": [
			{
				"Id": 566,
				"Value": "Good"
			},
			{
				"Id": 567,
				"Value": "Fair"
			},
			{
				"Id": 568,
				"Value": "Poor"
			}
		],
		"Value": null
	},
	{
		"Id": 233,
		"Name": "Kitchen Ventilation",
		"ControlTypeId": 4,
		"Options": [
			{
				"Id": 155,
				"Value": "Unknown"
			},
			{
				"Id": 156,
				"Value": "Yes"
			},
			{
				"Id": 157,
				"Value": "No"
			},
			{
				"Id": 158,
				"Value": "Not Applicable"
			}
		],
		"Value": null
	},
	{
		"Id": 234,
		"Name": "Kitchen Ventilation Condition",
		"ControlTypeId": 4,
		"Options": [
			{
				"Id": 569,
				"Value": "Good"
			},
			{
				"Id": 570,
				"Value": "Fair"
			},
			{
				"Id": 571,
				"Value": "Poor"
			}
		],
		"Value": null
	},
	{
		"Id": 235,
		"Name": "Heat Recovery Ventilation",
		"ControlTypeId": 4,
		"Options": [
			{
				"Id": 155,
				"Value": "Unknown"
			},
			{
				"Id": 156,
				"Value": "Yes"
			},
			{
				"Id": 157,
				"Value": "No"
			},
			{
				"Id": 158,
				"Value": "Not Applicable"
			}
		],
		"Value": null
	},
	{
		"Id": 236,
		"Name": "Heat Recovery Ventilation Condition",
		"ControlTypeId": 4,
		"Options": [
			{
				"Id": 572,
				"Value": "Good"
			},
			{
				"Id": 573,
				"Value": "Fair"
			},
			{
				"Id": 574,
				"Value": "Poor"
			}
		],
		"Value": null
	},
	{
		"Id": 237,
		"Name": "Drimaster Ventilation",
		"ControlTypeId": 4,
		"Options": [
			{
				"Id": 155,
				"Value": "Unknown"
			},
			{
				"Id": 156,
				"Value": "Yes"
			},
			{
				"Id": 157,
				"Value": "No"
			},
			{
				"Id": 158,
				"Value": "Not Applicable"
			}
		],
		"Value": null
	},
	{
		"Id": 238,
		"Name": "Drimaster Ventilation Condition",
		"ControlTypeId": 4,
		"Options": [
			{
				"Id": 575,
				"Value": "Good"
			},
			{
				"Id": 576,
				"Value": "Fair"
			},
			{
				"Id": 577,
				"Value": "Poor"
			}
		],
		"Value": null
	},
	{
		"Id": 239,
		"Name": "Trickle Vents",
		"ControlTypeId": 4,
		"Options": [
			{
				"Id": 155,
				"Value": "Unknown"
			},
			{
				"Id": 156,
				"Value": "Yes"
			},
			{
				"Id": 157,
				"Value": "No"
			},
			{
				"Id": 158,
				"Value": "Not Applicable"
			}
		],
		"Value": null
	},
	{
		"Id": 240,
		"Name": "Trickle Vents Condition",
		"ControlTypeId": 4,
		"Options": [
			{
				"Id": 578,
				"Value": "Good"
			},
			{
				"Id": 579,
				"Value": "Fair"
			},
			{
				"Id": 580,
				"Value": "Poor"
			}
		],
		"Value": null
	},
	{
		"Id": 241,
		"Name": "Glazing Type",
		"ControlTypeId": 4,
		"Options": [
			{
				"Id": 581,
				"Value": "Triple"
			},
			{
				"Id": 582,
				"Value": "Double"
			},
			{
				"Id": 583,
				"Value": "Single"
			},
			{
				"Id": 584,
				"Value": "Other"
			}
		],
		"Value": null
	},
	{
		"Id": 242,
		"Name": "Is glazing defective?",
		"ControlTypeId": 4,
		"Options": [
			{
				"Id": 155,
				"Value": "Unknown"
			},
			{
				"Id": 156,
				"Value": "Yes"
			},
			{
				"Id": 157,
				"Value": "No"
			},
			{
				"Id": 158,
				"Value": "Not Applicable"
			}
		],
		"Value": null
	},
	{
		"Id": 243,
		"Name": "Frame Type",
		"ControlTypeId": 4,
		"Options": [
			{
				"Id": 585,
				"Value": "UpVC"
			},
			{
				"Id": 586,
				"Value": "Timber"
			},
			{
				"Id": 587,
				"Value": "Steel"
			}
		],
		"Value": null
	},
	{
		"Id": 244,
		"Name": "Are frames defective?",
		"ControlTypeId": 4,
		"Options": [
			{
				"Id": 155,
				"Value": "Unknown"
			},
			{
				"Id": 156,
				"Value": "Yes"
			},
			{
				"Id": 157,
				"Value": "No"
			},
			{
				"Id": 158,
				"Value": "Not Applicable"
			}
		],
		"Value": null
	},
	{
		"Id": 245,
		"Name": "W/C Findings",
		"ControlTypeId": 1,
		"Options": [],
		"Value": null
	},
	{
		"Id": 246,
		"Name": "Stairs & Landing Findings",
		"ControlTypeId": 1,
		"Options": [],
		"Value": null
	},
	{
		"Id": 247,
		"Name": "Kitchen Recommendations",
		"ControlTypeId": 1,
		"Options": [],
		"Value": null
	},
	{
		"Id": 248,
		"Name": "Dining Room Restrictions",
		"ControlTypeId": 1,
		"Options": [],
		"Value": null
	},
	{
		"Id": 249,
		"Name": "W/C Cause",
		"ControlTypeId": 1,
		"Options": [],
		"Value": null
	},
	{
		"Id": 250,
		"Name": "Utility Room Restrictions",
		"ControlTypeId": 1,
		"Options": [],
		"Value": null
	},
	{
		"Id": 251,
		"Name": "Bedroom 2 Cause",
		"ControlTypeId": 1,
		"Options": [],
		"Value": null
	},
	{
		"Id": 252,
		"Name": "Dining Room Findings",
		"ControlTypeId": 1,
		"Options": [],
		"Value": null
	},
	{
		"Id": 253,
		"Name": "Stairs & Landing Recommendations",
		"ControlTypeId": 1,
		"Options": [],
		"Value": null
	},
	{
		"Id": 254,
		"Name": "Utility Room Findings",
		"ControlTypeId": 1,
		"Options": [],
		"Value": null
	},
	{
		"Id": 255,
		"Name": "Bedroom 3 Cause",
		"ControlTypeId": 1,
		"Options": [],
		"Value": null
	},
	{
		"Id": 256,
		"Name": "Lounge Cause",
		"ControlTypeId": 1,
		"Options": [],
		"Value": null
	},
	{
		"Id": 257,
		"Name": "Lounge Recommendations",
		"ControlTypeId": 1,
		"Options": [],
		"Value": null
	},
	{
		"Id": 258,
		"Name": "Stairs & Landing Restrictions",
		"ControlTypeId": 1,
		"Options": [],
		"Value": null
	},
	{
		"Id": 259,
		"Name": "Hallway Findings",
		"ControlTypeId": 1,
		"Options": [],
		"Value": null
	},
	{
		"Id": 260,
		"Name": "Bedroom 2 Restrictions",
		"ControlTypeId": 1,
		"Options": [],
		"Value": null
	},
	{
		"Id": 261,
		"Name": "Hallway Cause",
		"ControlTypeId": 1,
		"Options": [],
		"Value": null
	},
	{
		"Id": 262,
		"Name": "Lounge Restrictions",
		"ControlTypeId": 1,
		"Options": [],
		"Value": null
	},
	{
		"Id": 263,
		"Name": "Kitchen Findings",
		"ControlTypeId": 1,
		"Options": [],
		"Value": null
	},
	{
		"Id": 264,
		"Name": "Kitchen Restrictions",
		"ControlTypeId": 1,
		"Options": [],
		"Value": null
	},
	{
		"Id": 265,
		"Name": "Stairs & Landing Cause",
		"ControlTypeId": 1,
		"Options": [],
		"Value": null
	},
	{
		"Id": 266,
		"Name": "Bedroom 1 Findings",
		"ControlTypeId": 1,
		"Options": [],
		"Value": null
	},
	{
		"Id": 267,
		"Name": "Bathroom Recommendations",
		"ControlTypeId": 1,
		"Options": [],
		"Value": null
	},
	{
		"Id": 268,
		"Name": "Bedroom 1 Restrictions",
		"ControlTypeId": 1,
		"Options": [],
		"Value": null
	},
	{
		"Id": 269,
		"Name": "Hallway Recommendations",
		"ControlTypeId": 1,
		"Options": [],
		"Value": null
	},
	{
		"Id": 270,
		"Name": "Dining Room Recommendations",
		"ControlTypeId": 1,
		"Options": [],
		"Value": null
	},
	{
		"Id": 271,
		"Name": "Utility Room Cause",
		"ControlTypeId": 1,
		"Options": [],
		"Value": null
	},
	{
		"Id": 272,
		"Name": "W/C Restrictions",
		"ControlTypeId": 1,
		"Options": [],
		"Value": null
	},
	{
		"Id": 273,
		"Name": "Utility Room Recommendations",
		"ControlTypeId": 1,
		"Options": [],
		"Value": null
	},
	{
		"Id": 274,
		"Name": "Bedroom 1 Recommendations",
		"ControlTypeId": 1,
		"Options": [],
		"Value": null
	},
	{
		"Id": 275,
		"Name": "Bedroom 3 Recommendations",
		"ControlTypeId": 1,
		"Options": [],
		"Value": null
	},
	{
		"Id": 276,
		"Name": "Bedroom 2 Recommendations",
		"ControlTypeId": 1,
		"Options": [],
		"Value": null
	},
	{
		"Id": 277,
		"Name": "Bathroom Cause",
		"ControlTypeId": 1,
		"Options": [],
		"Value": null
	},
	{
		"Id": 278,
		"Name": "Customer Contributory Actions To Condensation",
		"ControlTypeId": 1,
		"Options": [],
		"Value": null
	},
	{
		"Id": 279,
		"Name": "Bathroom Findings",
		"ControlTypeId": 1,
		"Options": [],
		"Value": null
	},
	{
		"Id": 280,
		"Name": "Bedroom 3 Restrictions",
		"ControlTypeId": 1,
		"Options": [],
		"Value": null
	},
	{
		"Id": 281,
		"Name": "Bedroom 3 Findings",
		"ControlTypeId": 1,
		"Options": [],
		"Value": null
	},
	{
		"Id": 282,
		"Name": "Dining Room Cause",
		"ControlTypeId": 1,
		"Options": [],
		"Value": null
	},
	{
		"Id": 283,
		"Name": "Bedroom 2 Findings",
		"ControlTypeId": 1,
		"Options": [],
		"Value": null
	},
	{
		"Id": 284,
		"Name": "W/C Recommendations",
		"ControlTypeId": 1,
		"Options": [],
		"Value": null
	},
	{
		"Id": 285,
		"Name": "Bathroom Restrictions",
		"ControlTypeId": 1,
		"Options": [],
		"Value": null
	},
	{
		"Id": 286,
		"Name": "Kitchen Cause",
		"ControlTypeId": 1,
		"Options": [],
		"Value": null
	},
	{
		"Id": 287,
		"Name": "Bedroom 1 Cause",
		"ControlTypeId": 1,
		"Options": [],
		"Value": null
	},
	{
		"Id": 288,
		"Name": "Lounge Findings",
		"ControlTypeId": 1,
		"Options": [],
		"Value": null
	},
	{
		"Id": 289,
		"Name": "Hallway Restrictions",
		"ControlTypeId": 1,
		"Options": [],
		"Value": null
	},
	{
		"Id": 290,
		"Name": "No Protimeter Reading",
		"ControlTypeId": 4,
		"Options": [
			{
				"Id": 588,
				"Value": "Not Taken"
			},
			{
				"Id": 589,
				"Value": "Customer Refused For Reading To Be Taken"
			},
			{
				"Id": 590,
				"Value": "Meter Inaccessible"
			},
			{
				"Id": 591,
				"Value": "N/A"
			}
		],
		"Value": null
	},
	{
		"Id": 291,
		"Name": "Protimeter Reading",
		"ControlTypeId": 2,
		"Options": [],
		"Value": null
	},
	{
		"Id": 292,
		"Name": "No Dew Point Reading",
		"ControlTypeId": 4,
		"Options": [
			{
				"Id": 588,
				"Value": "Not Taken"
			},
			{
				"Id": 589,
				"Value": "Customer Refused For Reading To Be Taken"
			},
			{
				"Id": 590,
				"Value": "Meter Inaccessible"
			},
			{
				"Id": 591,
				"Value": "N/A"
			}
		],
		"Value": null
	},
	{
		"Id": 293,
		"Name": "Dew Point Reading",
		"ControlTypeId": 2,
		"Options": [],
		"Value": null
	},
	{
		"Id": 294,
		"Name": "No Gas Meter Reading",
		"ControlTypeId": 4,
		"Options": [
			{
				"Id": 588,
				"Value": "Not Taken"
			},
			{
				"Id": 589,
				"Value": "Customer Refused For Reading To Be Taken"
			},
			{
				"Id": 590,
				"Value": "Meter Inaccessible"
			},
			{
				"Id": 591,
				"Value": "N/A"
			}
		],
		"Value": null
	},
	{
		"Id": 295,
		"Name": "Gas Meter Reading",
		"ControlTypeId": 2,
		"Options": [],
		"Value": null
	},
	{
		"Id": 296,
		"Name": "No Electric Meter Reading",
		"ControlTypeId": 4,
		"Options": [
			{
				"Id": 588,
				"Value": "Not Taken"
			},
			{
				"Id": 589,
				"Value": "Customer Refused For Reading To Be Taken"
			},
			{
				"Id": 590,
				"Value": "Meter Inaccessible"
			},
			{
				"Id": 591,
				"Value": "N/A"
			}
		],
		"Value": null
	},
	{
		"Id": 297,
		"Name": "Electric Meter Reading",
		"ControlTypeId": 2,
		"Options": [],
		"Value": null
	},
	{
		"Id": 298,
		"Name": "Leaflet Issued",
		"ControlTypeId": 6,
		"Options": [],
		"Value": null
	},
	{
		"Id": 299,
		"Name": "Referral For Fuel Poverty Advice",
		"ControlTypeId": 6,
		"Options": [],
		"Value": null
	},
	{
		"Id": 300,
		"Name": "Referral For Rehousing - Overoccupation",
		"ControlTypeId": 6,
		"Options": [],
		"Value": null
	},
	{
		"Id": 301,
		"Name": "Other Information And Guidance Issued To Customer",
		"ControlTypeId": 1,
		"Options": [],
		"Value": null
	},
	{
		"Id": 302,
		"Name": "Humidistat Offered, Authorisation Signed And Fitted On Visit",
		"ControlTypeId": 6,
		"Options": [],
		"Value": null
	},
	{
		"Id": 303,
		"Name": "Humidistat Offered And Refused By Customer",
		"ControlTypeId": 6,
		"Options": [],
		"Value": null
	},
	{
		"Id": 304,
		"Name": "Referral For Third Party Report i.e. Environment",
		"ControlTypeId": 6,
		"Options": [],
		"Value": null
	},
	{
		"Id": 305,
		"Name": "Weather Conditions",
		"ControlTypeId": 4,
		"Options": [
			{
				"Id": 592,
				"Value": "Dry"
			},
			{
				"Id": 593,
				"Value": "Overcast"
			},
			{
				"Id": 594,
				"Value": "Raining"
			},
			{
				"Id": 595,
				"Value": "Windy"
			}
		],
		"Value": null
	},
	{
		"Id": 187,
		"Name": "Photograph",
		"ControlTypeId": 7,
		"Options": [],
		"Value": null
	},
	{
		"Id": 308,
		"Name": "Person Present Name",
		"ControlTypeId": 1,
		"Options": [],
		"Value": null
	},
	{
		"Id": 309,
		"Name": "Person Present Contact Number",
		"ControlTypeId": 2,
		"Options": [],
		"Value": null
	}
]